sentence_id,sentence_text,n_0(不含语法),n_1(合语法)
4922,如果独生的话，一到家就睡觉。,1,11
4931,我第一次结识的高中一年级时，我存了一个兼职工作，从60美元捐赠给他们的反捕鲸的绿色和平运动.,1,11
5022,现在终于夏天来临，所以好像城市醒起来的样子。,1,11
5048,因为，这天我们走很多时间，所以很累了。,1,11
5075,看了我的样子后，同事惊得问我“你用这个号码多久呢？,1,11
5081,提别是我公司的文员们，他们背了很多人的手机号码。,1,11
5144,"如果找到工作的话,我想住大连大约三个年。",1,11
5175,一旦我们坐车进入城市，路上的小孩儿都指着我们大笑，因为我们两个外国人做着没有车门的车。,1,11
5192,因为老家自己做生意的理由，或者通过学生时候的打工的经验感到工作的成就感，,1,11
5216,她是个中国人，出生于东北地方。,1,11
5268,上周五在上海歌城有了公司的圣诞&amp;忘年会。,1,11
5271,菜的种类不多，味道就期待以上）,1,11
5311,在这有些演员做一个短小品。,1,11
5332,但是我们到宿舍得时候没有房间。,3,11
5356,我不知道在哪儿有理发店所以我问一个小姐。,4,11
5401,"住了在哈尔滨,黑龙江哈尔滨,太冷!",1,11
5421,我觉得理想的老师喜欢他的工作，他的学生。,2,11
5426,每天我学习在家，我做作业，写汉字，复习旧课词语。,1,11
5441,每个天我听后读小文章在duChinese应用程式。,2,11
5443,-我认识有些字文章里。,1,11
5463,他做梦的时候他是一个太空人了。,1,11
5484,他是4个月大时了，他从斯里兰卡来到瑞典。,2,11
5554,在星期日前我回大学，我们烤肉。,2,10
5604,由于这里我国家人不能得到签证，我也不能工作。,1,10
5625,尽管这些不好个事，我至少有时候能收到别人说的大意，就给别人回答一下。,1,10
5639,我打算跟家人去那里吃饭，但是很糟糕的是，当我们到那里发现了餐厅已经破产很多时间，让我觉得很失望。,1,10
5759,我们西弗吉尼亚人就能谈起北京，台北，香港，澳门，和成都。,1,10
5797,"明天我要具体地制定这个学期的学习计划，背单字，学习生化学，吃跟学姐雪花冰，约定跟Ading,",1,11
5821,"据传说,不久前,十个轮流太阳旅行穿过天空。",2,11
5830,不过帝俊心烦意乱了，从天上驱逐后羿。,1,11
5833,新年到的时候，我开始学信汉语语法，词，和字。,1,11
5847,因为我的中文没有好，我还要努力学汉语。,1,11
5857,我这样学习的过程中当然有时觉得我有进步，不过在外边走路的时候听着小孩子汉语说得那么流利，我却怀疑我的汉语水平。,1,11
5866,我们说外语时经常遇到的感情就是“害怕说错，害怕发音不准”什么的，怕被别人看不起的感情。,2,11
5890,感谢你让我高中最后一年愉快极了。,3,11
5899,而走在回家，开始下雨！,1,11
5980,我看窗户，路看起来不通。,2,11
5990,因为塞车了，这靶台消防车（跟一台救护车）需要开了两三分钟才他们都通过的。,1,11
5998,他走到我前面，可是他不看得到我。,1,11
6247,一晃而过时间过得真快，快乐充满意义的一天停滞在2008.3.15，那充满着韧劲，男人味十足的杨，牢牢得给我留下深深的印记。,2,10
6260,因为我很忙写毕业论文。,1,10
6284,我要看看很多真正的中国。,1,10
6293,他们三次说了，然后辩解(explain?),2,10
6295,这夏天放假，我计划学习中文，所以回大学时候，我的中文越来越好！,2,10
6346,我的朋友在去看我的家呢(isvisitingme?),1,10
6355,我问中文的老师如果她知道了中国他们能帮助我学习中文。,2,10
6391,啊呀，我不想睡觉，很晚。,2,10
6446,特别是在公开的场面，日本人不表达自己的意见、自己的心中。,1,10
6460,这次不是书而电影，我赶紧下载后又看了。,3,11
6501,因前几天发生了地震而很多地方为了他们帮助的莫捐箱子。,1,11
6529,"哈哈，我的中文的translation太不好，但是我的老师说，“It'sokay,it's",2,11
6612,周六我的男朋友的展览会。,1,11
6644,一个天坐了火车和公交车。,2,11
6653,除了我一外，别的人没有学日文。,1,11
6671,但我们来自农村的孩子有多少钱，可以供我们花销，我们都是想找一份现在能胜任的工作，不管是在店里刷碗也可以，但我都没找到，真的很郁闷。,1,11
6694,国中时我跳拿著灯笼或手绢的民俗舞。,1,10
6847,我看到全部的文章写注音的报纸，这是对我好用的。,1,10
6895,大会开始以前，我们又吃，又喝，又聊天儿，过得真愉快的时间。,1,10
6959,那部电影表演的田中千絵小姐是我的学生，以前教过她」,1,11
6990,我等了几天后用我这里的日记写什么。,1,11
6997,我看许多李小龙的武打片后他给我留下了很深的印象。,1,11
7019,朋友说「鸡」这个字，用台语的话意思不一様。,2,11
7124,医生把六根很大钢钉放进我的骨头中.,1,10
7127,"全身好痛,大概一个星期都动不了...",2,10
7132,"虽然这是很旧的节目,但是我觉得这个节目又有意思又很红.",3,10
7145,决定了是因为我住在美国的中部分（所以说汉语的不多啦）。,1,11
7159,当时他愿介绍他家人给我了。,2,11
7160,另外，他的家人都想知道我的名字是什么但好像为了他们，发音我的美国名字很麻烦的。,2,11
7162,当时我的朋友说了‘’我们应该找你个比较简单的名字，因为你的美国名字听起来像老鼠，我们就叫你老鼠‘’我没有问题接受这样的名字。,1,11
7170,我的专业就是中文但除了中文以外我也学许多的语言。,2,11
7178,今晚我做完了我两门在线的课！,1,11
7261,我在中国时有不少次有人问我关于北京的奥运有什么看法，更正确的说，我们外国人有什么看法（有几次还有人记录我说话！）,2,11
7262,最开始，我对这样的问题有点儿不习惯，不知道应该说什么，但以后我就习惯了，我觉得跟打个招呼有很多相同的地方；其实对方并不想知道你对某些话题的一切，你就说一“中国加油”，或者“我祝北京奥运会成功”等类似的口号就好了。,1,11
7277,"女性的幸福是做家庭主妇,还有想工作也没有条件和环境。",3,11
7289,但有一个问题我男朋友太会吃醋既夸张又占有欲强的。,1,11
7291,对我来说，我还是年轻人还又时间可以好好出去比如去酒吧，club，跟朋友出去完。,1,11
7323,花儿为树招徕人们的眼光。,1,11
7329,在热的夏天里，它的声音会带来更加的烦热。,1,11
7403,我知道了极好的歌，唱季娜现在出家释昌圣这个名，,1,11
7405,在中国有名歌手现在进入了佛门持续唱。,1,11
7434,"天气也晴,好舒服～^^",2,11
7484,着模型是跟普通的模型不一样，非常巨大，好像在卡通里的这正的高达。,1,11
7503,她找找记忆来开始写，写一行就问我“19日我干嘛呀？”,2,11
7529,在这个食用油的瓶子上写“对身体有好处”、“不太摄取脂肪”等的句子，而且花王公司是很大的化学公司，因此我妈妈对它们的相信度是非常高的。,1,11
7561,"当然现在这是笑话,土楼是客家人的住房还有很好的观光地方。",1,11
7564,"他门,哪儿修盖是相似城寨很大圆形或者四方形的三楼的住宅。",1,11
7587,所以孩子们轻轻松松地浏览，然后或者参加游戏，或者买食品而吃，或者看舞台上的发表，都可以。,2,11
7629,我的亲朋好友常常告诉我他们在工作有很多的好玩儿的经验。,1,10
7787,这几天没学习得多少，大多时间都睡觉或吃盒去玩儿。,1,10
7831,我开始中文课的时候，我曾经认为中国歌没什么意思的东西。,1,10
7844,我希望我有一天听懂我听的中国歌。,1,10
7857,我刚想回家，正好老师让我留在教室。,2,10
7862,"他说""到下星期二的上级班以前你要做作业，""",1,10
7907,结果有天回家经过书店熊熊发现又贴了找工作伙伴的海报,1,11
7910,不得不说面对一整片喔不是是六片的书墙,1,11
7918,但是拖地喔买尬超麻烦的耶不是只要拖,1,11
7980,我也看地清楚，就知道它是人！,2,11
8091,不满20岁是香烟禁止。,2,11
8392,在我国家，Halloween只是以获利为目的的季节。,2,10
8395,除了这些，Halloween在我国家来说，没有什么意思。,2,10
8396,在这两天，我们纪念我们去世的情爱的。,3,10
8405,就像李白他是酒杯的饮中八仙。,3,10
8430,如果你没有这个了解的话，很多中国文化和语言对你废话。,5,10
8434,我想以前是中国电影深受感动现在对中国电影渐薄感动，,3,10
8440,第一次的感动王宝强是演技，表演高超的技艺最有意思无上有趣。,2,10
8441,上星期等了又等这个协会的终干开始。,1,10
8461,但是我家就不在米兰*（每天都坐地铁倒大学去）。,3,10
8463,我，我妈妈，她的男，妹妹有。,1,10
8479,因为中国有很多的文化所以可以学习个方便的知识.,3,10
8493,他帮我的忙学汉语，可是她不知道我跟不聪明。,1,10
8510,并且听在中国的儿子生活样子的活是惊恐连续,1,10
8512,有文化背景我觉得这十来年中国社会的变化还是相当大的，,2,10
8537,现在她在日本和中国和台湾常常表演音乐。,3,10
8556,这件事因为他们在外国参加很多的活动交了朋友，,3,10
8572,我的妻子看电视，逛街，散步，是比较普通的兴趣。,2,10
8574,儿子是活泼的人喜欢旅游，跑步，游泳，但是现在工作忙没有时间，所以很累不想干。,2,10
8591,并且今年室兰开港口110年市的制度90年因为纪念事业很多，志愿活动可是,1,10
8596,在拍照地方，横滨中华街,1,10
8605,我正在工作也满身大汗.,3,10
8639,有时后老板让我们一边做什么任务一边做其他的任务。,3,11
8640,要是我们不会快做完了，他们很生气。,1,11
8641,但是我不想离开我的工作，因为我得付房租，有工作在继续写上，省钱路行去中国，什么的。,2,11
8675,现在太冷、但在半夜中新年初拜的人不少。,1,11
8736,我从以前想去看这层建筑。,3,11
8763,也许写完后可以睡觉：),2,11
8784,"还有每天我去过大学课七月二十七号到八月二十一号,和坐八个小时.",2,11
8829,所以买手机卡就可以使用手机通信,3,11
8868,被写她4月底会来台湾那个信.,3,11
8882,我听说5月22号开业日子的票，报名者335倍。,2,10
8888,我们在先去的地方“鼻高展望花的小山”观光时间变短呀！,1,10
8897,我手一抖，把茶杯掉了电子词典上・・・当然电子词典被淋坏了。,3,10
8917,所以他们有很多想买什幺东西，可能买一部分，不是全部买的。,1,10
8965,那时候我把汉语句子什幺也不知道。,2,10
8987,”的朋友的日记上看到了一遍“xxx”的消息。,2,10
9074,从家具到衣服，把不需要特殊设备的东西自己做的是便宜的。,1,10
9092,话说如此，但是我没有想到在这里会有这幺多同性恋的，所以还是有一种莫名奇妙的感觉。,1,10
9117,为了只用一刹那间我放在吃的东西一次性容器，吃后就变成垃圾。,1,10
9130,我觉得他们在那里吃的话，不要塑料袋！,1,10
9142,我使用书的时候（读、学习等等），用小心维持漂亮的状态，要是我早晚不需要的时候，我让给需要那本书的人我的书，把那本书再活用。,2,10
9151,因为那些漫画喜欢的人是大概成人。,1,10
9167,啊，我学习的时候很想要这样的集中力・・（－－；）为什幺学习的时候集中力就变得涣散呢？,3,10
9222,我的话，如果我发现得感冒的人，我没呼吸，而且我一直,3,10
9263,呢个有问题的网页很少被阅览所以很难发现。,1,10
9282,就能获得新的智能，产生出新的世界。,1,10
9295,我做事比较用功嘛，不愿意做出平庸的效果，总怕给朋友和父母玩时他们会笑我呀，所以要加大努力。,2,10
9308,我平时不太喜欢说我自己可是我至少要自介绍一下。,1,10
9320,我还可以听的懂，也看得懂，就是说话很痛苦···,2,10
9323,以前听的懂的还不错，又跟日文一样的也是都忘了。,1,10
9350,要是这个地方是天堂，就我觉得死去不怕！,1,10
9371,所以我希望你们要可以明白我要睡觉了。,2,10
9396,他们什幺时候我不懂帮助我。,2,11
9407,可是今天当到小丸子店的时候，发现店铺竟然还没有开门！,1,11
9408,本来开门时间是十点，但是我十一点差一刻的时候还没营业。,2,11
9623,不过・・・回日本后冲洗了胶卷没有那张照片！,2,11
9625,小学生的时侯，我学习汉文。,3,10
9666,最后在家是全家的生活范围越来越小了，只在电暖桌的周围。,1,9
9676,现在我尝试写都于汉语，不过是生涩。,1,9
9687,而且福袋里有花钱的两三倍的金额的商品。,2,9
9726,完全德中公司工作的得会中文和德文。,1,9
9729,她的朋友完全想和她玩儿。,1,9
9749,因为我在工作中，我不知道发生那样的状况。,1,9
9826,下午阳光从云彩中透射出来时候、我有了今天从现在开始一定不下雨的信心。,1,9
9833,明天我需要再一篇洗衣服耶。,2,9
9844,北京外国语大学是最好的大学之一，比北京语言大学有特点：在北外没有那幺多外国人，学校的情况比较轻松，可是北外的老师很严肃。,1,9
9861,但是近年都市附近没有可能看到日出，而且在除夕到深夜，有的人喝酒，有的人看电视，或者有的人聊天儿，所以很多人不可能早起。,1,9
9883,不过，因此他们觉得分配食物是当然义务。,1,9
9902,因为太闷了，我带下来我的笔记本去上网，聊聊天。,1,9
9916,"因为,她想要我的时间很多,我也想要她的时间很多.",1,9
9970,当然初次听的时我完全不会理解。,1,9
10020,那是我开始了这里打工以前的话。,1,9
10188,我今天要又电话求他们来修理。,1,9
10201,昨晚我出席住在我村子的老太婆的灵前守夜仪式。,6,11
10203,在会场门前放着一张好像是在她100岁的时候从前首相小泉送给她的奖状。,3,11
10210,昨天偶尔在电视节目里我看到明星清水国明（58）。,1,11
10245,换言语的话，不管用日语还是英语一样的。,1,11
10257,从今年一月夏目友人帐的新季开始了。,1,11
10289,他推荐了一家台湾菜餐厅说龙都酒楼、在我的宾馆附近。,3,11
10351,提高爱情后他会变化对你的态度而表现也丰富起来。,2,11
10445,她先吃惊，然后来我的近旁看我。,2,11
10450,从窗口看到的风景不是蓝色的地球而并不是暗黑的空，那是全面橙色。,3,11
10731,在登记册有很长排起了队、非常可怕等了。,6,10
10734,在超级市场为什幺没有ETC门？,4,10
10768,所以我总是就死心说她。,2,10
10783,我已经贫穷不过现在实在贫穷.,3,10
10793,听起来很奇怪，实际吃时，好棒的味道。,5,10
10794,除了亚洲式的菜，也有非洲式，美国南方式，墨西哥式，什幺的。,1,10
10801,上班的时候，我看了一个燕子。,1,10
10821,我们坐导游说汉语的上午半日游的,2,10
10925,我回答'没有没有，只喜欢搬家。',1,10
10930,明天隔了好久上中文课，不安。,4,10
10936,我的父亲母亲和十面埋伏有一样的演员：章子怡。,1,10
10938,在十面埋伏她叫小妹，美和妹一样发音，嘻嘻（我听见'mei'所以我想是美国的美）。,2,10
10941,所以他说很多的语言：汉语，日语，粤语，闽南语，也说英语。,3,10
10950,我知道这个惯用语：倾国倾城，有一样的意思？,3,10
10951,我也想听见一个故事，也一样的意思。,2,10
10963,刚才的考试是马马虎虎，可以说有些大案有点复杂，可是我希望能通过这个考试。,3,10
10983,在海啸灾区，房子，田，商店，人，车等，什幺都被海啸涤荡了。,3,10
10986,在岩手很多的志愿者已经活动。,1,10
10989,我很感动了很多人的活动。,4,10
11032,今年纪念开始高达的动画片30周年，在东京的台场被创作等身大高达！,1,11
11048,我回来了工作的时候，电视和镜子落下坏了。,3,11
11053,她滔滔不绝的说什幺，所以我听不懂。,1,11
11084,所以我听不懂老师说的全部。,3,11
11095,我喜欢吃的东西很多，我不能决定一个食物。,5,11
11135,的部分，但是我想看续集的戏据！,2,11
11145,其中最好唱歌，所以大学的时候，我活动了乐队。,1,11
11261,我没有想到日本人也把Halloween庆祝。,1,10
11362,不管我们有很多机会接触“拟声词”，没有一天没见闻！,2,10
11385,你的儿子秉性温顺的孩子通情达理的人，他是我所见到的最诚实的朋友了。,1,10
11410,他给我打电话的时，总是突然！,1,10
11428,我的话，带消磨时间东西，小说书。,1,10
11432,入场券很贵了，所以我想慢慢地看，但是我爸爸的意思只是阿绣罗！,1,10
11456,那些天是在我生命中的最安静的天。,1,10
11478,享受饭的时候，跟一些醋尝。,2,10
11532,日本的动画片在各国之的电视上播出，我觉得已经有各国的配音，只收录。,1,10
11538,作那国的语言的配音或者字幕。,2,10
11578,这个地方通常用堤防被防卫，所以不会淹没。,2,10
11622,客人和女佣人胜负石头剪子布，你胜利的话，你自己选混合果汁的材料。,1,10
11640,原本牵牛花市去的是在早上。,2,10
11644,你们的国家的情人节是怎么样呢？,3,10
11648,然后，在日本固定了“情人节”是“巧克力”。,2,10
11684,特别中文配音的日本动漫是超方便。,1,10
11686,稍微注意一点就是浪费很多时间。,1,10
11726,我一想起一个目的就得到那个目的。,1,10
11732,2)我们就学了很多中文的子，我们就会看一些中文的报纸。,2,10
11733,3)早些时候李先生一家每年去法国休息。,3,10
11753,他马上发觉我淘气，因为我看他笑起来。,2,10
11790,但是那个词越来越浸透了住在别的地方的人们中。,1,11
11792,不挤出时间，吃简便的饭。,3,11
11795,简便的饭是・・・・・・饭团儿、茶泡饭、玉米片儿等等。,3,11
11820,那时候她带着她的作业说她想辅导她的算术和地理的作业。,1,11
11881,好不容易终于约了她几次，每次只是开开心心地散散一个小时步就是了，但对于快要离开中国而说不好会不会再来的我而言每一刻都特别珍贵。,1,11
11913,我看了那部连续剧里吉川晃司演织田信长后，我对织田信长产生了兴趣，就从图书馆关于他的小说书。,1,11
11919,她们有别的称呼“战国少女”。,1,11
12047,而且叶子比赛的话、跟儿子的玩完全不同的。,1,10
12062,最近大家用除一般的用法以外的。,1,9
12094,原因是，在古典催眠，谁使用了同样的建议，他们无法继续。,1,9
12115,想尽了一切办法都哪里谈得上见好，他的病势日益更坏了。,1,9
12151,我看过完成之前的，今天期待看完成的样子。,2,9
12180,一真天我的背没有问题，然后太阳一回了家以后就突然痛起来。,1,9
12227,这几年偶像歌手小组的成员很多。,2,9
12276,近来应酬太多了没办法，，，忙的夏天了。,1,9
12278,但是这不过才刚刚开始，但愿不要地球坏了我到死，，，，，,1,9
12294,院子越来越变了，什幺时候绣球花没有了？,1,9
12298,"也许是因为我学习努力地还不够的原因,",1,9
12303,"虽然我的中文还没有那幺流利,但是,中文本身的音调很美,讲出来自己心情就很爽,又能精神,感觉浑身充满活力.",1,9
12320,所以我只暑假和寒假期间的半工作了。,1,9
12326,因为她在这店从开始工作后到那时没卖过陈列柜里的商品了！,1,9
12331,员工变得苍白地高呼“哎呀——！,1,9
12371,我发现了煤油灯，但是这个房间很漆黑，所以我不能看那个煤油灯的点火的位置。,1,9
12395,昨天我和我二儿子打大架。,1,9
12452,我希望早就修理，要不然我不会洗澡啊。,1,9
12517,这个是怎幺也不能理解。,1,9
12525,我的朋友介绍我一个男人。,1,9
12571,洗完后，只洗好的衣服晾干！,1,9
12610,他在日本，不会说日语，但是他打听有没有工作。,3,11
12630,我放咖喱入了容器盖儿，把容器放在塑料袋。,2,11
12635,若说彩票的确，在日本最有名的彩票是年末的彩票。,2,11
12646,而且，我们会事件，所以就有很危险。,1,11
12652,“那儿我们万万没有中奖。,1,11
12656,虽然我是华人住在马来西亚，但是我的话语差得很远，因为我在家里只用英语和一点广东话根我的家人交通。,2,11
12659,当那时候，我决定应该上话语课，想有一天能用话语根我的朋友交通。,3,11
12686,我学习汉语，日本语在米兰大学（第一年）。,1,11
12726,我用过去习题集测验我的能力了。,3,11
12782,但是现在那，这个节日没有将近别的节日。,1,11
12795,听说那是中国的《水浒传》影响很大。,2,11
12827,从我房间的玻璃窗，我可以看一家水果店。,4,11
13323,一百八响的钟声的最后一响是规定变成新年以后敲。,3,10
13327,所以到深夜十二点不能完敲钟。,1,10
13330,地点新宿附近，距离九.五公里。,1,10
13338,那边有很多种类的看的见贵的古典车，而且那边有很多拍照古典车的男人。,5,10
13345,另外从中国亚马孙不能买也是不满的。,2,10
13360,我要读很多的文档，分析好，整理好，或要记忆很细的知只，很麻烦（很大变，都可以？）,4,10
13377,突然他问她如果她想喝一杯茶。,2,10
13411,我特别喜欢他笑的时候，因为先他的眼睛微笑，然后你就注意到他的口也微笑，很魅力。,1,10
13415,由于他是音乐家，他有创造力的，他完美地捕捉到在一般的情况下不一般的图像。,3,10
13418,结果他的思想、外表已经不是中国的，而是世界上的。,4,10
13419,我真地佩服这样的人，一面独立而坚强，一面有创造力的而敏感，我喜欢这样的奇怪的组合。,3,10
13513,我兴趣是学汉语，看中国电影，和健身运动(锻炼身体)冲浪运动，滑雪单板，,2,10
13519,私事，给内蒙古高中学生们的款待，真是开了自己的不小眼界。,2,10
13557,所以在照片描绘完全不同的景观类型，奇妙的群山和平坦的平台都有。,3,11
13577,我小学生的时候，没获得巧克力啊！,3,11
13588,我已经忘记这个网站，很可惜因为我记得写日子的时候我很高兴。,1,11
13589,2月19日是我最后次写日子，怎幺久。,3,11
13591,可能你想知道我做什幺事？,2,11
13593,不写日子的时间我也很高兴，只是太忙。,1,11
13597,天天想他们，他们对我那幺好，不知道怎幺感谢他们。,1,11
13609,你们看一看；），这是我，比以前的样子不同的很，对不对？,2,11
13640,虽然我说这些话，我不是不喜欢我家乡这幺变。,3,11
13669,但是当时它没有双脚和一只手臂，所以《要死》之外不能找到其他的适合句。,3,11
13672,她不动，而且不觉得我的存在。,2,11
13673,我不知道为什幺，我决定了救她。,2,11
13674,好像母亲哺乳孩子，我给她让吸我的血。,2,11
13720,虽然那幺少时间、但我也想参加这旅行。,2,11
13745,我们到新宿站的时候，我睡一袭来啊！,2,11
13785,10岁的李白教育开始.,2,10
13821,在定期健康检查告诉我的胆固醇值很高。,2,10
14044,别的角色都看起来又大又强，他却有最严重的责任，他心里看不见的强总是让他做得到。,1,10
14059,我接电话的时是平时，所以我一个人回老家。,1,10
14061,我做他可以吃两天的饭后回老家。,2,10
14122,虽然她正在体会严峻的考验，有时碰到很难解决的事情，可是用乐观的想法来闯出一条新路子，真令人佩服呢。,1,10
14147,我们很少看到对方今年。,2,10
14163,这个公司和一些公司比起来，条件和待遇都不算比较好，他们的规模不少。,1,10
14212,我们能看他们从三月末。,1,10
14235,今天为我的功课我写了四千字数（英语）。,1,10
14301,所以我就度过了一段我全身心地都很忙碌而累的时间。,3,11
14314,于是我就决定了，每天晚上睡觉之前我要把一遍随笔的一段一段的文章都要在我的日记上记好，让我更加欣赏。,2,11
14338,孩子们随着经过运动会和远足等大的活动，孩子们的心情和身体也成长了,1,11
14376,我猜到他去什么地方怎么采购。,1,11
14453,在中国的紫外线很利害，可是中国人的皮肤上不多斑点。,1,11
14542,"当我做喜欢的事时,我比谁都又热情又努力地做.",3,11
14548,"而且,虽然我有多种的关心的事情,我对语言最有兴趣.",2,11
14553,"从此时,我成为了语言迷.",2,11
14577,她也喜欢吃的食物和打网球。,1,10
14579,上周日，她醒来去上大学，在8.00。,1,10
14624,一个人只一杯，真是遗憾。,2,9
14659,这不是用来吃的，是欣赏的鱼。,1,9
14674,其实，我们都听了他说的“你们都死了”的这句话，觉得会生气，可是看起来他灰心丧气，束手无策。,1,9
14746,上个月19号我从中国回来直到现在我一直在和男友尽情的玩每一天。,2,9
14747,虽然我前十几天玩得也自己觉得很值得，因为新的一个月又要开始，所以我决定了要好好安排这个月的时间。,1,9
14751,可是我越来越觉得每个人一定要有这样一个习惯让我能够控制自己的。,1,9
14755,我想祝他的新工作圆满开始，让他能够发挥他的所有的潜力，被认可他。,3,9
14802,我在我第一份工作里拼命得工作差不多半年多了。,1,10
14887,我很不安因为我在那儿必须唱歌myheartwillgoon.,1,10
14946,虽然没见了几个月儿于不过觉得太久了。,1,10
14979,"还有这是个不好意思的,大酱汤对总是消化不良的人很好.",1,10
15033,因为我不知道他，所以第一次他说“早上好”的时候，很吃惊了。,1,10
15082,最近再开始学中文和英语，所以我也再进来了这儿。,1,11
15104,在很多人的面前要发表演讲，有些紧张了。,1,11
15105,不过，奋勇作准备的演讲了。,2,11
15109,一些的参加选手以精彩的表演而得到了观看人的掌声。,4,11
15110,参加选手都演讲了后，开始进行颁奖仪式。,3,11
15112,有可惜一点儿的部分···^^。,2,11
15132,我来到厦门以前，周末等休息天，经常听到了韩国的广播。,1,11
15136,想起那位支持人来，我就万分想要听他的声音。,1,11
15139,"进入餐厅马上服务员说汉语,问　『几个人?』",3,11
15145,"所以服务员说『早点儿说,太麻烦!",1,11
15175,我今天去图书馆回家的时候我去书店了。,2,11
15251,利用栀子做煎饼的如下：,2,11
15271,阿拉喀涅说：“让他们，我知道我就是最大的织女！”,1,11
15297,因为睡觉的时间短，我感觉昨天继续今天,1,11
15315,发生很大事故后，我常常听见“那么说，这几天有很小的意外的变故”。,4,10
15318,请点好再把往往陷于旧框框的每天。,1,10
15333,我对音乐的选择很有特殊。,2,10
15369,旧和现在的生活混在一起的地方。,4,10
15405,明天可能复习比今天的复习很好。,2,10
15413,但是那时候，我的同屋导诱我一起喝啤酒。,3,10
15431,他公司是搞中外文化交流虽然那公司成立不久业务还是很兴旺。,3,10
15434,他说回国的时候我一定还常听听汉语录音，读读汉语课文。,3,10
15464,在书上说，去睡觉之前，想念今天一天的事，想最高兴的事情起来，给大家听一听。,4,10
15469,有了这个习惯之后才发现自己的事，我对这质问不能回答。,4,10
15480,如果我选不使用食品添加物的自然食品的话，我得到健康的身体。,3,10
15503,以后应该时不时的看看闹钟里啊。,1,10
15522,在那种状况下，我自己可以努力加强我的词汇量，天天写文章，注意到大家的改正。,4,10
15530,因为我不是很平常出门，我没有很多故事，但是我要从此开始认真地想起一些故事可以跟大家分享。,3,10
15535,在中国，他帮我手续啦，买手机啦，请我客。,3,10
15616,我认为如果今天晴天的话我带孩子去儿童馆。,2,10
15640,女孩子很小，但是大声抽抽搭搭地哭个不停，很可爱，是一幅百看不厌。,3,10
15686,在周末看录象决定下次不预约的，减少我得看的节目。,1,10
15702,"我带她去圆子里,在外面过了时间.",1,10
15704,"一般在发烧时,烧到了38.5度才使用解热药.",2,10
15761,有可能所我们日本人来说的很多外国人看日本信息的时候，觉得“五月病是什么？”,1,10
15769,我想问你们以下，有些朋友住在日本，从来发生过五月病吗？,3,10
15784,"生日过了一周,这周内我一直吃了面包和蛋糕可是还剩了几个面包.",2,10
15787,本来那么喜欢的过一会儿会变成这样.,2,10
15794,我经常听过老人以身状态能预想次日的天气。,2,10
15798,我想今晚喝烧酒忘所有事好好儿睡觉。,3,10
15808,虽然他们每天跟他们一起吃饭，看电影，参加学校活动，还有吃苦，,2,10
15820,昨天在我家前面的一家小学校周围，好像老师的有些人扫除了。,2,10
15821,有的墙上贴了指示把自行车停下的地方。,3,10
15888,在森林之中，我们边听到小溪的水声边慢慢地走步，真是舒服啊！,1,11
15894,“高尾山”还也有很多的自然，非常美丽的。,1,11
15935,那时我扬扬地回答他“不是，我要冰的。”,1,11
15956,我爱看的作者是夏目sou石，太宰治，三岛由纪夫等等。,1,11
15959,我觉得现代作者写的作品没有使100年时间读者入迷。,1,11
15997,...我买了一本汉版三国演义。,1,11
16035,平时我觉得跟同学们交流几乎没问题，现在想，那是因为我不爱说话，跟别人的次数不多，而不是我的中文水平高。,2,11
16041,有一个上司担心地说了，“隐形眼镜对眼睛不好，去外面以外，,2,11
16045,可是我为了有一个理由三天以上不戴的话，会身体不好。,2,11
16067,那么长时间一直犹豫的，要真做决定还是挺快的。,3,11
16083,还有，我很喜欢那个主意因为我们现在可以更明白不只汉语但是我们也可以明白中国历史。,1,11
16085,意思是你试试学关于历史，你会明白你自己的文化。,1,11
16106,一个人住的人百分之多少买电视机呢？,2,11
16125,愉快的时间度过很快啊。,2,10
16138,这次到上海去了之后，我感觉到很多的地点。,1,10
16217,我决定了，｢以后去什么国外，我要用信用卡兑换･･･｣。,1,10
16277,回到家的之前，我一直觉得呆在家不如我出过得好精彩的生活。,1,10
16284,过了百年之后，我知道不管我愿不愿意我的特别的地方想其他的地方消失。,1,10
16343,那会中老师说“你们好不容易彼此相互了解，互相记名字吧”。,1,10
16352,我反覆五次问她的名字。,2,10
16388,（我朋友送给我两次很多酸橙子）那天以后我每天吃了一个酸橙子。,1,10
16392,过了一会儿，报纸上写橘皮果酱的做法。,1,10
16427,确实是昨天阴天，但是不那么寒，是真的吗？,1,10
16451,在我坐火车在这里我的行李丢失了。,1,10
16454,现在我为我寻找一个昂贵的公寓的室友。,1,10
16464,"以前，我的日本朋友突然给我打电话问我，""你对广播电台的公开录音，有没有感兴趣？""",2,10
16480,我们5个都以前在中国留过学，而且留学的学校、时期都一样。,1,10
16504,那个节目的主持人是中国人，后来我们发现了他会说一口流利的日语，可是，那时他用汉语交流，可能考考我们5个人的汉语水平吧。,2,10
16512,"主持人一开始说，""Heeeey,听众朋友你好，这里是某某，在东京为你们主持了。",1,10
16556,那么说我上班的时候，遇见很多走路的中年人。,1,10
16571,对第二次我的中国生活很期望　哈哈,2,10
16606,我要写这日记花了多时间。,1,11
16614,如果在中国有主题公园，那个我们可以吃全中国的好好吃的东西的地方？,1,11
16647,你们想我国幸福的日子吗？,2,11
16668,我第一次看她的是在《非诚无扰2》里。,1,11
16701,当时我们最大的任务是，开展览会前，在每个展位里，根据每个客户的不同的需求把所有的家具配置好，使他们能够布展的顺顺利利。,1,11
16839,男人和女人的互相理解得很难，所以为理解地谈恋爱。,2,9
16841,他们能够理解对象的心情了。,2,9
16864,她一听到这样事情，就快再送给我5公斤的白薯。,2,9
16892,评审电影来说，我觉得最重要的判據是电影是不是逼真的，会不会动人。,1,9
16910,要不要做战争，都没问我们。,1,9
16915,我不信他们，但是坏事发生是事实:(,1,9
16925,今天我打算跟我好中国朋友吃午饭.,1,9
16980,各个船公司的计划表有所延迟或者换线。,2,9
17020,我回去日本的时候，雨天结束已经进入夏天。,1,9
17113,我不能买他们，尽管如此，只索取用样品的话，奸猾的人吧。,1,9
17151,因此，如何什么情况，孩子们离不开家，一定要忍耐。,1,9
17249,有的歌手为了有更好的表现，不断地练习得太累，以致得了感冒或者嗓子疼痛，影响演出。,1,9
17329,我们可以写下亲自的联系给互相，要在网络还上说着话过一会儿保持联系。,3,11
17341,我和我妻子感到很高兴，而且我们计划十月的最后天坐飞机去希腊参与下一次多语言说者大会。,1,11
17342,我希望我能明白多好了人用中文对我在说什么。,1,11
17406,听说如果跑步的时候，走路一样的速度的话，消费能比走路2倍。,2,11
17488,这时听见了韩国语，对于站在在人生地不熟的我们来说，很动听的声音啊！,2,11
17530,我觉得每年的最后一个月，12月是一般来说感觉很模糊，糊里糊涂的一个月。,2,10
17546,因为不说明年，联明天也我们都不知道会发生什么事情。）,1,10
17578,"原来我对电车很感兴趣,我上了高铁,漫步了列车里。",2,10
17580,"趁买饮料水,我跟她说话了。",2,10
17583,"一她了解了,我就很开心。",1,10
17589,"坐高铁的时候,有一位乘车服务员只给我一杯茶。",3,10
17621,但是她走了过两天后我才知道，做菜倒是还有意思，可我没想到除了做菜以外，我得做的事情还多。,3,10
17718,你好几年过世了，但是，我不能忘你。,4,10
17731,爱情是奇怪，我不能解释。,5,10
17740,生病，辣的事儿，等等。,1,10
17769,"因为中国人的演员说英语,我觉得很奇怪.",6,10
17776,其实我没时间联系，所以演讲会的2个星期以前才把它背好，开始练习发音，因为我觉得发音是最重要的！,4,10
17838,首先这个卡包是和国家印度有密切的联接，所以我不能不提印度。,2,10
17842,从关于印度的国际新闻看到了，在印度那边有很多只靠捡垃圾养活自己的的孩子们，虽然我还没有去过印度，但是我能想象出他们的生活条件多么悲惨，,5,10
17853,我的的新的希望，新的梦想。,1,10
17887,国家陆续与规制房地产投机的各种各样的政策出台，以谋求防止房地产价格过分的涨落。,3,10
17912,就一般情况来说，自己2/3的年收入范围内贷了款的话，之后会没有发生造成很大的坏影响的事情。,3,10
17932,"上星期的二星期晚上,我完了打工之后,我去附近的温泉宿.",2,11
17933,"那个地方既好修饰又毛巾,又化妆水等的必需品都有,会尽情使用它.",2,11
17941,价格是关于一个小时大概118元.,1,11
17960,这次对我来说第一次用汉语写日记。,3,11
17988,因为我只能吃生鱼片吃得很少。,2,11
17996,去回转寿司店的没有意义啊。,1,11
18005,但是我从头吃开始的时候，觉得这个鱼一点儿可怜。,1,11
18007,顺便说一下，我的吃办法是先切成两半，再吃。,3,11
18033,一旦做一个小小的空白，以后就会容易做大空白。,1,11
18036,从今天起，我重新做我的习惯。,1,11
18037,（但是不要勉强自己，重要的是既轻松又快乐的写日记！）,1,11
18106,昨天因为这个网页不会打开，所以我不会写日记。,1,11
18122,我学的是一对一，所以她只有一学生。,3,11
18146,变化即使慢慢儿的我有希望。,4,11
18153,他到30多岁户籍上女性。,2,11
18186,我想把我的房间代贴墙纸，宁可涂抹油漆,2,11
18189,"在日本南部地方，樱花季节刚刚到了，现在许多日本人好像盼望""樱花锋""到自己住的地方。",4,11
18191,樱花最初在日本南部就开，然后在日本北部才开，就是说樱花已经开的地方和还没有开的地方的界线向北移动得好像跟暖锋一样。,1,11
18192,"所以我们叫这界线""樱花锋(桜前線)""，而且樱花季节期中，天气预报每天告诉我们樱花锋什么时候可能会到什么地方，就是说樱花什么时候会开始开，而会烂漫开满了。",3,11
18231,我以到考那斯机场到会议的最后一天一句立陶宛语都没说，因为我总是跟会议人在一起。,1,11
18276,我在小小的时候，我希望圣诞老人来我家给我礼物。,1,11
18296,但是从看这一部以后我一直在看日本动画剧并度日本动画片。,1,11
18319,那时她说我们大学的白血病的同学的事。,2,10
18369,素面包的时候，他爱吃白色部分，可是她爱吃边部分,1,11
18424,昨天我看到今年的第一个雪。,1,11
18433,圣诞节以后我快活得去庆祝新年，只是一月中旬我才不满意，骂德国的冷天气。,2,11
18448,那个中学校里面的有个班跟我们在一起谈了谈1个小时。,1,11
18460,以后他给我发短信，有想知道的或者苦恼。,2,11
18478,这里有了两个很帅的老师，我的心里兴高采烈！,3,11
18567,但是：请告诉我吧：北京有没有地下道。,1,11
18579,我觉得你必须用魔术用筷子吃饭。,2,11
18631,"特别是对我有点不利的东西发生时,知道数会感谢的东西让我感觉放心,和很有意思的是,很多时这样的好的心态帮助我解决问题.",2,11
18676,结果从早上十点到晚上九点打工了。,1,11
18703,在工作上得了小小的成功或者被顾客生气，也没有人听我的话。,1,11
18749,我的生活不该为满意一个fake印象。,1,11
18863,听说吹田市民入场费是免费。,1,10
18887,我觉得大学生活应该是好好学习的但是一看他们我就不想去学校。,1,10
18890,我这个人只在西安学了半年的怎能跟他们学习啊~！,1,10
18902,在端午节期间，我们一看就明白那个家有儿子，因为有儿子的家在院子里会悬挂鲤鱼形状的旗。,1,10
18962,他们说Proletariant得卖他们的工作能，然后他们拿到钱。,1,10
19022,把它们摆在一起不难，但是因旁人会看见做不上来。,2,10
19062,在停车场快要停车的时候，刚才的他们我车就前面横过了。,1,10
19067,我焦急买最小限度的东西，想尽可能快出去这里。,1,10
19078,主人公说谎话的理由是伤他的自尊心。,1,10
19130,睡了三个小时后终于才醒了，还很困，还很累。,1,10
19364,在世界上，各个的国家有自己的传统活动，但是奥州的圣诞节与中国的春节有许多相似。,1,11
19370,因为澳洲是个很大的国家，家人的亲戚通常住得离他们很远，与家人见面的机会。,1,11
19408,花栽周围长着很多青草。,1,11
19449,虽然现在没有汉语班，但是我好好学习汉语，哈哈。,3,11
19458,她没教我这个星期一样。,1,11
19490,如果两个人没有缘分就多么近的距离在一起也两人走不到一起，,2,11
19492,当时他的这么一说，打动了我的心，目前我们还是异地恋的状态但我们还是想在一起了（？）,1,11
19504,顺便古老电脑被连接因特网了。,2,11
19543,不知道在那里可以找到中国朋友。,1,11
19570,有的去当兵有的家里经济困难的问题没法再学下去.,4,10
19581,我正在写了五个航过日记，但是我还要写中文日记！,3,10
19587,我朋友参加她朋友的婚礼，我和别的东京住的朋友跟随，,4,10
19622,如果我可以和机器人过了话，用中文和韩语的机器人好。,4,10
19657,现在还梅雨季节而已经到了夏天。,3,10
19676,"除了他的家以外,其他的家都被打雷。",3,10
19715,可是这两个星期，我的体重越增越，不停了！,4,10
19745,如果不喝水的话，因为胃液比平时少点儿分泌，所以自然的感觉到不太饿。,6,10
19761,当前减肥是年轻女性很关注的话题，所以我要在这里给大家介绍，让朋友们参考。,5,10
19768,我回答说：我没做过减肥有关的事，就这样变成了。,2,10
19772,听说，一两天期间的绝食虽然对身体健康有好处，如果再绝食的话，不但对身体健康造成不良的影响，反而对减肥也起到负面的作用。,4,10
19778,短期的绝食，使促进消化的速度且快点儿新陈代谢速度，从而能排出身体里面的有害物质。,2,10
21858,女儿和儿子的生活节奏不一样了，我一个人照顾他们好厉害。,3,10
21861,我觉得她和她朋友玩个痛快那太好了，但是她累得很，后来开始吃饭的时候她已经有点迷糊了。,3,10
21976,还有做志工帮高中学生和国中学生的读书。,1,10
21984,虽然我常常看他的博客，我在那里胆怯没寄给过留言，因为他的博客很漂亮，我觉得用我不好的中文不想弄脏。,4,10
21999,我用扫帚扫道路的话，黄叶满满很大的塑料袋里。,2,10
22002,但是我的困难是暂时的，对方是个黄叶所以绕它吧。,2,10
22026,比如用厨房的东西放在厨房里的架棚，洗澡的时候用的东西放在盥洗室里的架棚，学习的时候用的东西放在桌子邻接的架子等等。,4,10
22030,但是我有时候会忘没妨碍的地方是哪里的？,1,10
21587,今天中午我在外面走一走，我感觉寒风和晒晒的阳光，感觉和前几天有点不一样了。,6,11
21588,我想，好像春天即将来临，虽然许多人还是和把脖子和肩膀都缩回走，但是我感觉到春天了！,3,11
21612,应为我是生活上需要的中文基本上都会，所以再进一步过程应该需要自己坚持抱有向上心才会提高水平。,3,11
21651,值得感谢的是我家人都好好生活身体健康，尤其是两个孩子，他们都没有一次感冒了，结果这个学期他们都没有缺过一次席。,2,11
21666,今天早上考第二试，因为上三门中文课，还有下个星期开始最后的。,1,11
21667,我觉得烤得不错，内容不太难，而且我一点复习了。,1,11
21685,听为主的姿势⇒不必会讲话的人，该要认真听。,1,11
21687,③親切热情/亲切⇒有肯能消费者会遇到事情，容易错的事情提前告诉。,1,11
21688,诚实⇒对于每个消费者真心服务。,2,11
21700,到成都机场后看到满天密云，闻到成都机场的味儿，感到怀念成都的回忆。,2,11
21759,我校的时候，我总是想想学校舞会一定要很好玩。,1,11
21787,洗窗液因寒冷而结冰的话，不能洗车前面的玻璃，结果马上在前面看不见，太危险，等等。,1,11
21468,但是媒体没有什么报道，有可能我考虑太过逾．,1,10
21491,四个人前边是女人的日本人。,1,10
21150,大部分的人们不是做自己喜欢做或想做的事，而是为了得到收入并生活会稳定，不得已选择的情况许多。,3,10
21154,人要对自己做的事感兴趣并且负责任感，通过自己做的事，人才能做人。,2,10
21175,那个年轻园丁把含着汗的额头用衣领擦着这样回答说。,1,10
21192,为了制作用日常生活的东西，拿（/抓）着工具在钉钉子的话，就没有产生杂念，光高兴了个够。,2,10
21194,前几天也我做成个用扒（/掏）出灶孔里面的灰烬的木耙。,1,10
21195,以前用过的木耙坏掉了，所以我又制作了。,1,10
21201,它是，我在木柴堆里找到可用的橡木木头，然后连接着木板片来制成的。,1,10
21203,那时，我还制成一张餐桌，换了几次庵主后，现在看不见。,2,10
21219,"我感觉,我的北京留学是非常过去的事情.",2,10
21224,写文章是我最不得意的项目.,1,10
21247,为什么我学习中文就是我喜欢中国史、文化、唐诗还有中文好听！,2,10
21281,明天我朋友来我家把电脑要修理。,1,10
21291,放寒假时我真的要去云南旅游的前一天，我太激动地在床上通宵达旦。,2,10
21297,真的好久没产生的这样一个心情，我觉得好好珍惜今天。,2,10
21300,有模有最合适的成语呢（或者近义词）？,1,10
20921,我来这窝棚的第二年春天，我为了在荒废的野田种苗木，需要从山林合作社装载一辆车的苗木开来我这儿。,1,10
20922,我给锯木厂打听一下，他们介绍了一个年轻人。,2,10
20929,我在这里不表明他的名字也像我不喜欢告诉世上我的住处一样的缘故。,1,10
20950,古代的人这样说过：如果草妨碍你走路的话，那么拔它，如果树木妨碍你帽子的话，那么把它切掉。,1,10
20957,前几天利用我不在家，他装载着一辆的木头开到我家，把它放在窝棚的庭院。,1,10
20990,我学了汉语已经一个年。,1,10
20641,撒豆后为了祈祷一年的驱邪吃豆。,2,10
20660,今天我去了公园因为今天有一个农民市场和别的活动：报佳音，四轮马车，等等。,2,9
20705,夏天做洒背，虽然使全身感觉到像产生鸡皮疙瘩的一样很凉快，但是突然间发散体热是不太好，所以把背一直暖些。,1,10
20724,但是没有我的同学的帮助，我什幺也不会做。,1,9
20768,"最近我吓了的事情，在地球水深4,000米的火山热水喷出口，400度的那么热的热水喷出口的附近，有很多生命。",1,9
20834,在派来的公司里，派来的职员不称自己的名字，被叫派来的职员，跟东西和零件一样的招待。,1,9
20839,英国人的年轻里4个人之中一个人能收到住居补贴，在日本一个人也没有收到的人,2,9
20902,因为从我家到舞蹈会会场走路30分左右，所以我们计划开始舞蹈会40分前出发。,1,9
20915,首先我有点儿害羞，但是逐渐产生有趣。,1,9
20187,"(你知道嘛,我两年前考了HSK,合格了新HSK六级.我自己不能相信.",2,11
20196,没有精神余裕的学语言.,2,11
20238,人们需要工夫管自己生命相关的农业。,2,11
20257,现在我有三台的电脑，还有三台中一台我爸爸使用。,2,11
20269,暑假决定了其他的事字节中心性。,1,11
20328,在日经工作在线网站刊登”在中国蜡筆小新的作者去世的报道热”,1,11
19884,3月下旬，我开车上班的时候，在很小的川旁边看到20-30条的樱树。,5,9
19886,而且，公司的用地内有条樱树。,5,9
19892,樱花的生命很短，两三天后开始落谢。,3,9
19896,所以，以后离公司看不到樱花很近啊。,3,9
19898,他8日在日本东京对记者发言为会谈的进展，北朝鲜决定积极地接触其他国家。,2,9
19967,还有现在我的韩国男的朋友也刚刚参完了军队.,4,9
20008,虽然她的口语不如A好，但可以表达她愿意的。,3,9
20032,我没去过真的地中海，所以我不知道、小豆岛和真的地中海那个地方一样。,2,9
20035,气候合适种植油橄榄，所以小豆岛在日本收获最多、最好的油橄榄。,3,9
20047,这两个月我身体健康不好，精神压力也有了，所以那个两个小时真的是宝贵的时间。,1,9
20075,医生不管有什么惹人生气地事业不轻易发火，但有一天早上那医生为她的任性生气了。,3,9
20076,不过他真诚地考虑她的身体健康，所以做过火了。,2,9
20607,于是，我决定用对我来说和放假一样的这个月争取驾照一下。,1,10
22048,但是，今天这个日子，我们都能以情人节为借口给对方表达出来我们的爱情。,6,10
22077,我以为我不是个孩子，我该做的事我自己也知道，但是我妈妈老催我，有时候，我做什么，看我不顺眼，都对我不满。,3,10
22120,虽然那样的气候时候，茶梅（油梅）开红的花。,3,10
22123,今天到晚上9点半各个在各处随便转了转。,3,10
22145,现在时代变了，所以吃盒饭意味着只实行古来的传统而已。,2,10
22161,因为加工大米的价格上涨1.5倍，所以他们想日本酒的价格加价。,1,10
22193,我这样出尔反尔，是不是让人见效？,1,10
22204,"虽然小王是以前我们公司的同事,但是4年前独立,在上海跟老公一起设立公司.然后现在她公司跟我们公司有生意往来.",1,10
22208,"但是她也很温柔很热情,我很喜欢她.",3,10
22238,我之前有在一家办公室当过游客指导所也都带他们去看一般的地点。,1,10
22256,听中国人说话，特别听老人说话，他们的说法真有生动感，听着我也随她的感情既定起来。,1,10
22273,考虑这样的信息我不知道任何年轻人可以买房子。,3,10
22295,你到你的家，我们停了。,1,10
22303,但是开始贩卖就卖光，因此匆匆忙忙的在印刷10万部。,2,11
22315,所以我想经过这件事情我学到的一些东西是如下。,2,11
22324,我希望以后跟他们的相处的更愉快，更开心。,1,11
22348,可是开暖气了总算出床了。,3,11
22393,"在学校上课时间变少了,所以我自己努力学习才行了,我最近每天都看台湾的电视连续剧,都是原来日本漫画,所以我看得惯,这是对我来说很有意思的学法,电视很有趣,每天看也不会觉得辛苦,而且可以学到很多词汇,提高听力能力",2,11
22410,办好手续后，职员说;“因为明天和后天我们很忙，所以我们不能做你的手续。,2,11
22425,我看每次这个日历，如果没写日记的日子有的话，我鼓励过自己。,1,11
22436,我吧开水冲了，落下了茶壶的底部。,1,11
22445,让先生看着孩子，我在公园被围着红叶，听者小提琴的演奏，看书。,1,11
22504,我从来到上海之前起，一直到现在，韩老师在我生活上无微不至地给我了关心和支持。,1,11
22602,新上司也是个很能干的，不过刚过来，还没有把握这里的工作。,1,11
22612,"中国与日本有很多好象一样的地方,比如都是用汉字,信仰佛教之类的.",1,11
22620,"日本人积极不说自己的看法,彼此考虑彼此的心理,然后说话.",1,11
22630,"所以,学好语言牵连学好汉语.",1,11
22637,"我们这样的情况受不了,惊叹不已,大失所望,大为生气.",1,11
22642,可有时侯使我们感到好不有意思.,3,11
22656,因为我住宿海珠广场那边的酒店，所以我想用地铁去到海珠广场。,2,11
22687,"然后去散步的话，思考更明显。""」",1,11
22710,今天去听讲「要四十来岁世代的身体美人ー女性的健康运动讲座ー」。,1,11
22712,跳的时候，摇的肥肉叫做皮下脂肪，这个皮下脂肪付身体很快，但是从身体除掉很难。,1,11
22716,把脸向下的话，脸的肌肉也往下去，往前看笑着等脸运动使用肌肉的话，就老不起。,1,11
22728,我在大学生活中，我一点儿没做志愿。,2,11
22733,所以从大4起，开始志愿了。,1,11
22786,万发是一个差不多听不到的人。,2,10
22804,卖书的使劲手段恢复跟他女友的关系也没戏。,2,10
22841,但是我也一点点高兴因为两个星期后我去韩国玩儿！,1,10
22851,第3个门商店里我才发现很小的装在箱里的牛奶。,1,10
22859,我觉得这一个月最浓厚，而且我的汉语水平急速高了。,1,10
22883,下次我去那儿的时候，我一定要也吃面条吧！,2,10
22890,家里准备的吃的喝的都吃喝光了以后，我们一起出去一家专门碳烤的餐厅，点了个很多的烤秋刀鱼、烤玉米、烤猪肉、烤羊肉，等等。,1,10
22893,上小学的小孩儿打韩国的游戏一起高高兴兴地玩儿。,2,10
22900,特别，烹调活的鳗鱼很难，我能的时候高兴。,1,10
22906,两年前的地震的影响，道路半部分没有铺修，并且我坐了后面座位有点晕车了。,2,10
22920,要不然每年胖起越来越来了，一定将来长得会病，四十岁就死了。,2,10
22934,买的时，由我的爱好决定什么种的香水买。,1,10
22938,我常常假想：如果我装一种香水的时，跟不喜欢我的香水的人一起上电梯的话，那个人一定不舒服了。,1,10
22963,有一次，还有一位比较年纪大一点男孩很明知地寡宿我们，如果那种植物的血碰人的皮肤就会非常痒。,1,10
22975,将来大概有人勇敢地上去问我，也许我会告诉他们它是某药。,1,10
22980,早上家里不开空调，可是从外面进来凉爽的风，就家里很凉凉，很好做运动。,1,10
22989,中国人是真的喜欢咖啡吗还是耐着喝？,2,10
22993,然后座着椅子喝了一口咖啡,2,10
23018,幸好，有的对策开始奏效，它们都有两个最重要的观点：使他们觉得去滑雪并不麻烦的事和乡下的普通生活。,1,10
23027,这样的事情就会让他们留下新鲜的印象，甚至刚刚收获的蔬菜和普通的雪风景也能使他们感动。,1,10
23035,但是中国庆祝春节，今天和平时一样的日子。,1,10
23059,"她说『去医院,要挂水』",1,10
23073,最精彩的场面是花车首先气势地前进然后在街角就那样拐弯。,1,10
23095,如果买东西的话，选择满说得过去的服装，但是租东西的话，可以穿着鲜艳的服装。,1,10
23215,当时，我很骄傲地跟我父母说，我想跟他们独立找到自己的生活和野心。,1,10
23267,汉语拼音对外国人具有非常重要的一部分。,1,9
23281,过了几年，我的母亲要去东京，带着我去在东京的我姨儿的家，在这儿呆几天。,1,9
23384,我基本每天早上吃一跟香蕉喝一杯牛奶。,1,9
23399,看了我现在花多少时间在玩哟戏，你不但想我不是像每个人以为上好大学的学生一样，,1,9
23400,反而无论我的appearance还是我的做法都跟这被别人描画的很差。,1,9
23401,我不是这么聪明，也没有什么好特点。,1,9
23409,我知道我看电视，玩哟戏，听我最好的韩国歌星的几首歌耗我的时间，但我也知道我应该高高兴兴地活。,1,9
23411,今天apple的新iPhone发表了。,1,9
23414,如此这个名字含有“phone”，当然可以打电话和接电话。,1,9
23418,对像我这样学外语的人来说，在外边用手机可以按中文、看中文是太方便的事。,1,9
23451,这样的时候，对电脑不通的人把修理的话，大概弄坏。,1,9
23933,今天我写住在中国数年间的日本人的话。,3,9
23941,“因为你在很多年住在广州，所以你忘记了飞的字吧”,4,9
23959,体育是点名了以后去小卖部，然后跟朋友可以讲话的上课。,4,9
23972,我打算作蛋糕的时候，把切好的猕猴桃放在蛋糕上而加上彩色。,2,9
23987,前天通过100日元商店的时候，在门口有很多帘子。,2,9
23988,但是因为那时我已经买带着很多东西，所以没买它回家了。,2,9
24005,高富士山是日本的最高的山.,3,9
24013,"丑我的作品很丑,我应该再做.",2,9
24019,这个东西可能可到达的但是需要尽力。,2,9
24048,而且有时候确认消费期限，如果迫近消费期限的话，喝完它后再买补充吧。,2,9
24132,结果，我的暑假日记呢，起初的三天还可以，此后写的敷衍了事，有的地方完全是创作的。,6,9
24154,"这个事情使我失望，而且我的同屋也不高兴地说，""我不是动物阿""。",3,9
24172,开演前，在大幕的下边儿和我的剧装放多淡香水。,1,9
24203,我对这个那个有兴趣，而且乐天达观。,5,9
23680,虽然我没有知识但决定了自己拆开，修电脑,1,10
23711,即使我学汉语，在中国不能用它。,1,10
23731,哪怕韩国有一家背后组织-名字叫全国体育馆黑联盟-逼着全国的体育馆播放最没素质，最骚扰人的音乐？,1,10
23842,我在你旁边不在的时候，如果不认识的人问你“你从哪里过来呢？”,1,10
23922,对她说话完后，我快回家把洗晒的衣服拿进来了。,2,11
24676,大家好～这是我第一篇文章在这边……,2,10
24754,我没想学汉语了可是我要！,2,10
24789,我们也上升了那家那样的气氛。,1,10
24794,因为她丈夫结婚了到最近在经济方面一直有不负责任的态度，家庭的债务超过一亿韩元不止一两次了。,1,10
24903,最重要的是花钱比赚钱很少。,2,11
24909,我没学过的怎么说中国成语，虽然你的句子不是一个成语//.,1,11
24924,其中尤以我感动的是24个小时一直跑步的女性。,2,11
24943,最近我看过两个作文关于美国人很小气的。,3,11
24981,在日本有特别的，日本人造成的汉字。,1,11
25003,日本人民非常期待这个赛季。,1,11
25021,有男孩子的家庭装点武士玩偶和盔甲。,1,11
25054,横滨是从以前贸易繁盛，国际的城市。,1,11
25112,比如说我可以介绍以下怎么用一些英语的俚语。,2,11
25127,"女人「一般对说,肉不是猪肉吗?」",3,11
25140,大概我要做好下星期一。,4,11
25154,去外面、看得到圆圆的月亮。,3,11
25190,可是，他的这个周末过得很一溜烟。,1,11
25259,有外观白色的海参墙的风趣的印象深刻的建筑物。,2,11
25276,‘他再说一遍了，不过也听不董。,1,11
25277,所以我给他说‘对不起，我是韩国人。,1,11
25279,阿~以后我们一点聊天了。,1,11
25314,因为用小学校的体育馆，由于瑕疵为保护地板，体育馆的地板上铺几张苫布了。,1,11
25349,我期待着去中国，从我小的时候我对中国很感好奇心。,2,11
25382,我的街道居民委员的所有的事正在就完了。,2,11
25451,我很喜欢这两语言，对亚洲很感兴趣。,1,10
25468,可惜，我把中国的事情知道了很少。,1,10
25472,我不知到什么发生在中国.,1,10
25499,我最熟悉的城市一定是米兰，我从出生时住的城市。,1,10
25535,然后我出去了饭店，先去市观光询问处，问怎么去明天我打算参加的演唱会的会场，但是我连那个市观光询问处也找不到。,2,10
25555,我从我的很高很宽的宿舍往学校开走到教室去上课的时候，我要过那边附近的一条壮观的大桥。,2,10
25571,到安全措施做好、除了灾区核电站以外、,1,10
25594,"要是我几天睡觉8小时以下的时候,我渐渐觉得很累。",1,10
25670,人生的意义在哪儿，在自问和探究那个答案的过程中，人可以做到更加宝贵的人生。,2,10
25674,读书是，依靠着写那本书的著者，我们的想法被容易拉走去。,1,10
25724,古时是供没到成年的男女穿的，现在则为没婚女性的正式礼服。,1,10
25857,我觉得如果从现在起也想住在地球上，就要我们需要再重新考虑吧。,1,10
25870,如果我学好很多成语，随便使用的话，我想能够表达的内容飞跃地增加。,1,9
25949,在画画课里我们画画2的学生这两个礼拜在用丙烯酸漆(acrylicpaints?),1,9
25961,之前初中的时候我得没机会修画画课.,1,9
25970,因为天气冷，公路上的雪不可以融化。,2,9
25982,我希望韩国人全部高兴过春节。,2,9
25991,于是，另一是突然我的上司被人事调动了。,1,9
25994,半个月以前她应为压力昏迷了，那时她被救护车搬移医院了。,1,9
26009,妈妈回老家，我也回家。,1,9
26037,日常生活中老人会对美好的传统和智慧教孩子们。,2,9
26041,比如，社会养老时，老人通过社会活动感到自存感，返老还童。,2,9
26047,如果父母去养老院，那么，他们就容易割断关系，只会物质上的补助。,1,9
26060,"我深刻的思考中,我不知道继续工作。",1,9
26274,我听懂老师讲的话，看懂内容，但是口语很差。,1,10
26281,所以今天我发表的时候，不那么紧张，充分地发挥我的能力。,1,10
26323,西的有五線譜，中国的有数！,1,10
26343,但是因为他感到头晕，为了检查脑还有一个星期延长住院。,2,10
26347,其实，明天就要考试，再学我不想，但不学也不好，所以我还是觉得在这儿写一篇文章比较好，这样还能希望有一天我的老师会来到这个地方看到我成千上万写的文章而她会说：其实，伊娃，这个女孩儿挺不错的呀，虽然古代汉语学得不怎么样，但是看起来她还是挺认真的。,2,11
26433,现在我很想念那时，还有想朋友,2,11
26452,景况是非常坏，但是燃料附加运费是低廉从四月。,1,11
26487,还有对我来说也她们说的话题没有那么复杂的中文，所以我感觉轻松多了。,1,11
26517,为了得到自己最想要的事情，我们常常非奋斗不可，可是我认为，如果对我们它们很重大，很值得奋斗。,2,11
26622,听说现在他们接受很多邀请，把唱歌和跳舞发表出来。,3,9
26625,他爸爸是老师，父母属于中产阶级：他是由于自己的事业天才发财的。,4,9
26656,我练习多长变得很棒吧？,2,9
26660,其实小学生嘛，放假后还得去参加学校的各种业余活动，暑假前我已经申请过社区举办的活动等，虽然放假也没有呆在家里的时间。,4,9
26737,决定想做一件事就做到。,1,9
26764,我想那时候一定修好了吧。,2,9
26768,文化在艺术，歌剧，舞蹈，书法和生活出现。,2,9
26778,确实的中国朋友往心里去你。,3,9
26781,我们不见为了可以练习中文或英文，而去玩儿，跟简单的朋友一样。,2,9
26797,忙不忙，都找到时间做运动！,4,9
26802,这么长时间没发博文的原因第一是我忘了新浪的登录名，第二是准备考试，考完后去了十多天的旅游。,1,9
26823,"他说“这是""腹股沟疝""，手术以外没有办法，但不急手术，可是鼓出的部分里面血液没有流的话，一会儿腐烂，就性命相关，马上要手术”。",3,9
26828,当天手术可以，可是下午手术开始，医生说一天住院更好。,1,9
26830,手术的当天，我床上躺着的时，最初看我病的年轻的医生来招呼。,3,9
26837,我心里想“哎呀～，我是年轻的医生的手术练习台呢？”,2,9
27101,在这场里，有人到在北京的高档迪斯科舞厅去采访着有些顾客，在包厢里有漂亮的姑娘和七个(比较)帅哥。,3,10
27103,"一个人说""他的父母给他一张信用卡，他总是能使用这张，每月花2，3万元""。",1,10
27112,我看见了那个女学生准备关于旅行等的几个句子，这个句子没有很大的错误。,2,10
27114,所以，至于称呼别人的方面，韩国人也对这个部分觉得很难，一些部分给她说明了。,3,10
27145,结果，老板领得许可我们进去他的餐厅吃自带饭菜，我们买喝酱汤和咖啡。,2,10
27206,然后我们去云仙山，云仙山是一坐火山，最近喷发得很严重，因此几个人失去生命了。,2,10
27271,他们在3月和11月进行坐巴士去散步远方。,1,10
27317,后来向南也下车而说，”你什么时候把你拽人的毛病改了？,1,10
27341,听到很聪明的脑子灵敏的女人就想起来没什么好看的女人吧。,2,11
27342,与此相反，非常漂亮的女人脑子转的不快的形象。,1,11
27369,最近我的妈妈的生日了。,1,11
27371,爸爸一看挂历，再沉默得一点头了。,2,11
27374,我爸爸在家总是没做什么，每天去玩儿，不帮助我们的家务。,2,11
27440,我从小就得了过敏性鼻炎，整天流鼻涕、打喷嚏、眼睛红了。,2,11
27443,节目主持人说，“在短期内喝一点不行，天天要多喝，而且从长期的角度来看，大家试试吧”。,2,11
27468,去关西大学半路上的马路上拥挤。,2,11
27501,并且还有我爱好是电脑，我能自己去组装电脑。,3,11
27520,超过100卷的小说guinsaga也是未完。,1,11
27530,我不知虽然那么长时间躺着看电视，却还想睡~~。,2,11
27537,她把一两本书带到妈妈去。,1,11
27544,"和妈妈，哥哥在一起过日子,短不了要红个脸,争句嘴没有我的时间。",1,11
27548,不过我的妈妈说：女人找好男人，和他结婚就可以,1,11
27549,但我不这样想我自己的生就是自己。,2,11
27592,我慢慢锝上升拳击比赛开始的时候到了5.0km/h。,2,11
27624,真对不起，你的照相机让我坏了。,1,11
27631,我刚刚写了好长一个博克，不过不小心删掉了。,1,11
27705,很多的大人说卡通片是很坏，引起孩子模仿卡通片的人。,4,11
27787,既然决定在北京继续学习点儿，就去出入境延期签证。,1,11
27791,对我来说，那个加十天很幸亏的。,3,11
27815,–我不是道怎么说twiter，minihompy。,1,11
27820,我很羡慕他们的在博客坦白，也流利地写自己想法表现能干和上在博客漂亮，也各种的照片，画装饰才气。,2,11
27821,到这个月末，我在这个第一份工作里上班正好一年了。,1,11
27824,虽说我已经习惯了同时做不少，不同的项目，但是公司给我的工作量真是无法一个人去做了。,3,11
27829,可是，几个月的工作量多的那么厉害，让我压得喘不过气来以后，我有时候怀疑了自己的激情。,2,11
27863,几天前，日本的行政机关一部门宣布为了增加外国观光客的新活动方针，把重点放在亚洲上，为了吸引亚洲观光客，起用男性偶像团体「嵐」。,2,11
27870,那里是很普通的海岸，当然那里附近的人去游泳。,3,11
27921,它是公猫，所以得去势手术，很可怜！,1,11
27942,不过一日我20点左右到了桃园机场。,1,11
27944,还有，三日我早上10点应该到了机场。,2,11
27958,我觉得那个理由是在那儿有急剧的经济变化，所以很多建筑表现着那样的差距。,2,11
27959,我开车去桃园机场的时候，看到了在那边被兴建着高速道路。,1,11
27969,顺便说，为时差奥运做半夜，所以不得了看。,1,11
28003,神社里很宽，人有很小。,1,11
28060,我马上对我的膝拓药了。,1,10
28248,可是还是不一样的部分也很多，所以，我对中国包括国民性有兴趣。,1,9
28257,为什么这么奇怪的味道，，，当然中国朋友门中也有不喜欢月饼的人对不对？,2,9
28271,我喜爱哲学，可是我不知道如果我应该学习哲学。,1,9
28279,上个月末我吃炸土豆棒的时候，前下面的牙有点扎。,1,9
28280,最近有时候这样，所以我想给牙科看一看。,1,9
28334,如果天气预报是不好的话，我们就想去了。,1,9
28337,走的时候雨下地很少，有时候我们能看太阳了。,1,9
28344,我们吃了香鱼的加盐烤。,1,9
28417,"播放得很快,她一言也听不懂,而且写的东西差不多看不懂,",1,9
28426,"她也是很苗条.个子很高,她的腿很长!",1,9
28436,她的手机的大头贴(待受け画面、我不知道中文怎么说）是水户黄门的徽章.,2,9
28444,听说一部分的中国人有小时的名字.很不可思议.,2,9
28473,好像乌鸦都以前发现到铁丝衣架不但很有用，而且很容易找到和收集。,1,9
28495,从小时候我就跟我外婆做简单的菜，比如来说意大利面，家常饼还有种类的点菜。,1,9
28521,在日本，由于在大城市的房子非常贵，只在一对夫妇买自己住的房子时，丈夫的父母和妻子的父母都能免税地给他们规定的钱数。,1,10
28626,如果人们继承祖先的房子，很多人都认为祖先辛苦得获得土地和房子，应该维护它们。,1,10
28761,我很开心跟他们说话了，不过导游真的不容易的工作啊。,2,11
28776,所以用随便选择的工作时间的制度，工作开始1点，结束7点的话，差两个小时。,1,11
28831,以后很多月被煎熬，那大雪纷飞了。,1,11
28875,我不怕别人指出我的错误，误会改正，我的汉语水平会变更好。,1,11
28889,"特别是,在实际生活中,有一门语言的文化内涵的背景,充分在这种语言理解才想要表达的深意或双重的意义才能完全理解了。",1,11
28954,在很小的国土[面积里]，人口逐渐增加了，不得不住在跟养鸡场一样一层一层堆（/垛）起来的这样的居住形态的公寓大楼里，虽然很便利在先，但是考虑到人的本质（/本性）和未来，这绝不是理想的居住空间。,5,10
28967,如果处于像吃不起饭那样的贫困的处境的话，我当然能理解腐败的原因，但是生活得很富裕的人却都堕落在了黑钱前，‘苹果箱子’的威力到底到了什么程度，使得大家都沦为这样子、这模样呢？,2,10
28968,*我想知道，回忆起把自己的名誉像命一样恪守来刚强（/刚直）地生活过的我们祖先的士人精神，作为沦为钱奴的后代，我们能站在哪里。,3,10
28977,父母吃惊的跑过来扶起他，幸运的是孩子没有很大的伤口，但是，他们看到在头发之间冒尖出来的黄金碎片，才发现他们的孩子有装着黄金的脑子。,3,10
29000,现在农事也被以为像经营企业似的，因为要考虑到划得来划不来。,4,10
29002,人们靠近土地，而没有学会土地具有的那样的德和生命秩序，这对土地不好意思，而且也是辜负土地的恩的事情。,3,10
29015,一天我们有空儿，我们要去王府井参加，也买东西。,2,10
29049,我小时，大人经常在屋子里、公交车上、以及火车车间上吸烟过。,2,10
29057,从今天到5月，礼拜天以外没有什么放假，怎么能开心地活呢？,4,10
29091,上次我跟她见面的时候她说她想跟喜欢的男人吃饭，他们还没有男女朋友！,5,10
29115,"如果用过全日空的人请告诉我,对你们来说,他们的服务怎么样?",2,10
29172,虽然他们觉得汉语很有意思的外语，他们也觉得四声太难。,2,10
29173,我还有生气，有的我的同学不想负责他们自己的目标。,4,10
29250,"我吃的时候,每次一定把鸡蛋,大葱,酱油和芥末放在纳豆里,",1,10
29261,从我小时候我父母都工作，所以我就天天帮忙做家务，照顾小妹妹和弟弟。,3,10
29328,十二月前我尽多想进步的水平~~,1,10
29350,我把7门的考试终于考完了，七门，不多可是这次考试我特别讲究想取得好成绩，,3,10
29353,昨天我跟两个男的朋友见面，才一年终于见面。,2,10
29354,我们三个人和以前一致，没有特别的，还很舒服有意思。,2,10
29360,女的朋友对我说对比起，因自己发生了太麻烦的事情。,3,10
29409,这种售货机在韩国没有而且孩子们都喜欢橙子，所以虽然价格贵一些孩子们都尝尝。,3,11
29424,日本人初中时候学习“春望”“静夜思””送元二使安西”等的唐诗。,1,11
29425,其中，孟浩然的「春暁」。,1,11
29427,因为常常把这首［春眠不觉晓］的部分用睡懒觉的借口。,2,11
29510,我以前着的文章不怎么样。,1,11
29573,"下个星期我每天都学西语了,没学汉语.",2,11
29575,英语和西的语法象得多.,2,11
29648,"压岁钱的习惯本来“岁""`和”祟“是阶音，",1,11
29657,当时我很生气地说；“你真了不起，有什么不好吃啊，就是你嘴刁，哼，别吃！”,2,11
29685,今天我看了一个话，这是关于奥林匹克的选手。,2,11
29807,但是从今天不能常见面。,1,11
29829,这次的训:　健康与一点点的好奇心是打开对新的世界的门的钥匙。,1,11
29916,我的中文课有十三人，六个男和七个女。,1,11
29930,"我在神户外大学习,在神户很多中国人,我昨天下课后坐地铁的时候看了一位中国人学习日语",1,11
29932,"我一看就有好奇,偷偷地看了他的课本.",2,11
29970,我想没有这个网站的话，我不会学习这样开心。,1,11
30192,下星期天我参加HSK了。,2,11
30214,"我说东京是一个很干净的地方的时候，看起来许多人不相信我，要不不会理解""干净的城市""是什么意思。",2,11
30243,她每周参加打太极拳的时候，跑长跑去体育馆。,2,10
30289,"所以我也好好加油的,不要放弃,我发誓一定会当空姐的~~!",1,9
30382,"只是···我听说过有人说:""善有善报、恶有恶报。""",1,9
30445,韩国的朋友门都用功学习.,1,9
30481,(繁体呢，看懂是看懂，不过比简体需要更长时间。,1,11
30512,不过比如说，我对听者说，他不认识的某一个人的话的话，他指这个人说话时，绝对用その人,1,11
30513,却，我对听者说，他也认识的某一个人的话的话，他指这个人说话时，绝对用あの人,1,11
30555,人们因为每天听见现在的日本经济情况最近百年内最不好，所以非常担心他们的将来，觉得他们必须节省开支。,2,10
30569,老家从来给我的安全感会完全泯灭。,2,10
30578,虽然那次危险安全地过去了，但我还认为我那段时间在恐惧下才明白如何是重要的。,1,10
30609,星期中看那么多人在城市中心逛街不很平常的,1,10
30618,其实我们的动机没有那么有志，只想去玩一玩而躲开华盛顿一段时间。,3,10
30620,在路上的时候我们说到我们在三个小时之后会赚到的大量钱，而想到能把那些钱花在什么东西。,2,10
30631,一下子我们对互相很生气，怪互相；到底谁以为再赌博会是个好主意？,1,10
30646,我一定被她鼓舞的因为我学她拿来我自己的四百块，跟着她走到轮盘赌。,1,10
30663,"不过,下雨的时候,阴沉的天气会令人沉闷.",2,10
30966,“多咬减肥法”开发的是一位医生叫坂田利家教授，,1,11
30977,但坦白的的说，从初次开始我对这个公司没什么想法了。,2,11
31059,可由于现在是房价的期间，所以门卫不让我们进去校园里面。,2,11
31074,总之，今天是交在这儿当地的朋友的第一天！,1,11
31098,不是我来晚而是你来早！,1,11
31147,"这次喷火是很小的,但是那山以于有很大的喷火的可能性.",1,11
31148,"喷火时的火山灰连在东京,横滨会看到了.",1,11
31279,对我来说，听说开始秋分的季节，第一次想起来能吃萩饼的事情。,3,11
31306,当然，这也不是完全有效果，不免让人看刺青。,3,11
31342,我交了朋友我知道一个网站，那边可以网上聊天今天第一次用的。,4,11
31360,“互联网破坏文化人经验了的东西，再不能感动如果根据互联网，体验了世界，孩子丢失今后的世界的全部”,1,11
31363,他这样考虑“「信」是什么吗?那个不是自己知道那自己不知道不知道，随意地能插入自己的理想”,2,11
31365,他在暗的房间这样考虑“为了明确我的意识，必须破坏全部一次”,3,11
31375,"""三，人对不能组织拼图玩具的碎片，觉得不幸。""",3,11
31403,在这个餐厅喝酒以后同事们一起去台球场。,2,11
31433,这里提一个理由日本人喜欢八德「仁、義、礼、智、忠、信、孝、悌」,1,11
31446,像是中国旅行的礼物是什么？,1,11
31450,（但是不知道什幺时候给我联系，不会等回答吧！）,1,11
31453,还没试试看用skype....,2,11
31539,"看了""孙文""以后我觉得可以抱希望。",1,11
31561,一九八三年我的父亲在一个银行工作，现在他还在那里攻作。,3,10
31579,这是把一个土豆蒸切十文字，和一盒黄油一起提供。,1,10
31583,客人觉得剩下的黄油大概再用。,3,10
31587,没有原形和溶化的液体是在四角的金属容器被放，温用热水。,1,10
31618,他代替把备用轮胎安装还我车。,1,10
31649,收拾伞的时候，有些恰巧路过的人打招呼他们说谢谢。,1,10
31656,那是个真可爱的孩子们。,2,10
31663,螺旋型通货紧缩的是我们只买便宜的东西→公司不太利润→工资变溅落→只买便宜的东西→以后，反复。,2,10
31668,这个学校是日本和中国的政府建立的，根据小册子在学校老师一百多，还有学校的管理严格。,2,10
31670,因为我去年在清华大学的对外汉语教育中心上学，那个学校管理比较乱，老师质量的差别很多，有的老师教育方法很好，作业也有，有的老师教育方法很差，作业没有，下课立刻回家，不管学生有没有提问。,2,10
31681,"我先做旅游,然后暂且归国日本,重新回回中国。",1,10
31702,然后把黄瓜切像红萝卜。,1,10
31758,虽然树下不过天气已经35度，收拾行李后我和我爱人已经浑身出汗了。,1,10
31763,"政府原来不理公民的看法,政治方面的抗议之后,领导人就发起改革.",2,10
31770,"虽然我只会说几句中文句话而已,这是过去连想都没敢想的事.",2,10
31773,"在悉尼大学,身在何方你都可以看见不在少数的民族,对文化交流真有好处.",3,10
31782,特别对听力很有自信，但是看中国电视节目时发生很大的问题。,2,10
31791,我想读好的书，特别帮助我的生词水平。,4,10
31798,客人想吃没流动的寿司，曾经客人要直接点在近的服务员。,2,10
31836,我很多地方把软线几次抽出插入。,1,11
31842,我想办法把光线的软线抽出插入好了。,2,11
31844,“哎呀～，不是只不能上课，电话也不能使用了”,3,11
31917,好像他们考察我们的集中力。,1,11
31921,他们问我们“你们现在把自己比喻成在超市的某种商品，然后说明为什幺选了那个商品”,1,11
31941,如果工作一个月后，预定领1000元，但是实际领800元的话，相当着慌吧。,5,11
31944,当然我知道这个原因是不足努力。,3,11
31950,心里一定咕噜”今天不想去工作”。,1,11
31959,他们的特色是-不能和别人沟通、交流。,1,11
31960,他们之中真是精神上有毛病。,2,11
31979,我没有同屋所以我的房间为学习是一个方便的地方。,1,11
32012,我现在要试图用每一个。,1,11
32035,我也认真考虑过「反正学习汉语，能不能用汉语工作呢？」,2,11
32076,听说kids-cafe做是为了孩子和家人。,3,11
32077,"所以妈妈陪她的孩子来kids-cafe,孩子玩儿的时候,孩子的妈妈在这儿见朋友,休息一会儿,看书等等.",1,11
32111,如果那件事真话的话，我可以饶恕小新的陶器。,1,11
32119,那么简单单词怎么完了。,1,11
32155,因为男的理发师对一位女人一直说话洗发露的问题。,1,11
32202,上课以后我跟她通常去吃午饭，有很好玩。,1,11
32218,说不定韩国队赢了，不过要是我能看有趣的比赛，是满足。,1,11
32243,在那里有一位我中国朋友的先辈.,1,11
32304,我今天挑战把照片记载这日记。,1,11
32344,今天早上我起床以后我感想我的时间在这儿。,2,11
32417,他对我累地说”在公司时候很无聊，认真地想要下班”,1,11
32420,婚活是大概两年前被某人做出来的词语，表示人们为了找到很好的结婚对象一直努力的情况，现在比以前，更多人努力，还人们更加努力，所以这个词语出现了。,2,11
32463,到底我去年去玉渊潭公园看樱花了。,1,11
32475,最近我深深地感受到人生确实正进步。,1,11
32482,我看她们认真地工作的样子有时候觉得不好意思，只有我一个人没有神情压力。,2,11
32558,今天课我学习中国的酒文化.,1,11
32560,"中国人点了很多菜,不过吃了几口,不停地喝酒.",3,11
32598,读着书的时候发现还没学的汉子我不由得胡思乱想。,1,10
32599,我自己想一想汉字的来历和古老的故事。,2,10
32615,正上课的时候，老师说，到今天报名就业营。,1,10
32700,不久风子太大了，大雄妈妈很生气，说“就马上扔掉啊”,2,10
32831,比如，我跟惠民聊了3个小时，我们上周也见过，那时候也聊了长时间，我们已经说了很多话，可是还是想说的话太多了。,1,10
32851,可是，那时候我看其他小说着迷了，所以虽然我拿到《暗算》原著，不过没有注意而把它搁放了书架里。,1,10
32874,因为，从6:00ａｍ我有功课。,2,10
32928,她出生的时候，她的脚已经肥大2倍。,1,10
32936,它说有意思的消息，所以以下我想介绍它。,1,10
32940,第二个是，如果她经常摸着自己耳垂，她会感觉紧张。,2,10
32960,而且，虽然我的日本朋友说错的声调，我可以听得懂，至少可以预测他想说什么，而中国人真不知道他说什么．很奇怪．！,1,10
33011,这个星期的时间过的很愉快因为虽然学中文需要很多时间但是我觉得这样花时间没有什么压力。,1,9
33032,那是从我住的东京３５０公里的大城市。,1,9
33118,我继续加油的!我一定要当空姐的!,2,9
33121,虽然用汉语写日记太难，可是每天对我的汉语能力有用。,1,9
33134,经朋友老卓介绍，今天正式登上l这个网站，开始新一轮的语言学习。,1,10
33159,天皇，皇后，皇族人与十位的一般人以“生”为题都写了“短歌”。,1,9
33274,我想呵你一会儿都先生去玩啊。,1,9
33289,晚上老鹰准备毫厘篮子，路上吃的东西。,1,9
33323,之前，韩国冬天在家的时候，每个房间都铺设地暖设备，人们不用怕再寒冷的气候。,1,9
33362,虽然现在不能解决这个问题，但我相信，不久的那天明白了,1,9
33370,我注重女性的温柔体贴，内们的美丽，还有容貌,1,9
33468,我婆家是庄家，结婚以后我每次去婆家地时候看他们辛辛苦苦地干农活，才知道了城里人能够很方便，很舒服地买农作物是应该向农夫感谢的事情。,2,11
33495,然后，把胸部听诊了，而且X射线了。,1,11
33499,我的孩子们真的很相好，平时寸步不离地一块儿玩，叽叽嘎嘎地聊聊天，也有时会吵架。,1,11
33511,首先由似患妄想狂的‘我’，这个人物我觉得很现实的却他的想法都让我特别不舒服。,1,11
33663,商业追求的是“效率化”，这是恰恰相反人的幸福。,2,11
33667,我最近在一家越过饭店吃饭的时，注意到了厨师和服务员是用汉语谈话。,4,11
33688,日本人一般来说，我们常常用婉转的说话。,2,11
33733,客人可以什么时候坐和离席，因为有巴士的出发的时间。,3,11
33739,我暂时听茶的说明，会试试喝茶。,2,11
33762,3个小时左右在这里过了。,1,11
33766,门口前面有菜单，有点贵，火锅关联的菜比较多。,2,11
33770,但再去刚才的大楼的地下，就知道这家店关闭着，因为应该黄金周。,4,11
33782,虽然早上氢气好，但是上午下雨的天很多。,1,11
33784,走天晚上，我和中国人的新朋友见面。,1,11
33787,但是，雨量变得更大以前，我会回家了。,2,11
33850,好几次试试了，不过每次这样。,2,11
33861,酒保看到我们的样子过来对我说；“在这一带最一调情者的男把追女。”,1,11
33884,"他因为今年60岁了所以要退休现在的大学了,4月以后在别的私立大学继续教汉语。",1,11
33903,此本书的题目是＜文章力の基本＞，被日语写的。,2,11
33906,我用此本书提高日语的质量吧。,4,11
33993,不过癌是手术以后管理好的病。,1,10
34024,下课后女儿跟我说她要继续学习游泳，等老公晚上回家跟他商量一下，咱们决定了让女儿去游泳学校每周一天。,1,10
34062,到现在我上班时候没拿去盒饭，不过现在大体上那去盒饭。,2,10
34066,我小心浪费，从现在越来越加油吧！,3,10
34081,因为京都太有名，所以奈良的印象比较淡薄。,2,10
34199,第二，吉华滑雪场人很少，不要等坐吊椅的时间，很舒适。,2,10
34228,"一般,我称呼对方时,用先生,或者小姐,或者直接叫对方的姓,名字.",1,11
34307,但是那个书架里已经满满很多书。,1,11
34324,当时，我不明白我父亲的想法，很讨厌爸爸了。,2,11
34332,那时，我第一次看过我爸爸哭的，我不知道为什么忽然给爸爸埋怨地说：“这病房里只有你一个人吗？,1,11
34343,他们都比我老，也他们开玩笑我了。,2,11
34353,现在我在大学学习，我有业余的时候我还上象棋。,4,11
34356,今天早上卫生纸把我的无名指切得一点儿了。,1,11
34380,"我带在马来西亚回来的时候我非常麻烦您们了,谢谢您.",2,11
34418,它推荐一个英文报纸叫周刊ST.听说它卖好。,1,11
34423,所以，我天订被推荐的英文报纸。,2,11
34472,我从十一点到六点逛街但是找到了很多给家里漂亮的礼物。,3,11
34484,今天早上我不知不觉就很想听一首歌，这首歌是我前几个礼拜才刚听得歌就是周杰伦的心雨。,1,11
34501,电话之后，我的新上司对我讲，如果你有什么问题，可以跟对方的董事长用日语说说。,1,10
34620,到了23楼，太阳塞得很暖和吹风得很凉快感觉很刷！,1,10
34679,我非常喜欢打台球爱好之中第一！,4,10
34681,可是这一年一点没有联系非常可惜啊！,2,10
34732,我在日本的时候，我们日本人朋友说《你想吃什么？》,1,10
34760,"下个星期还有别的,,,天哪.",2,9
34762,"我希望你,正在读我乱乱写的字,可以跟我做个好朋友。",3,9
34763,"我是从新加坡来的,是华人,但是我比较喜欢用英语讲话,没有练习华文,",2,9
34765,"如果你要叫我,就是太好了哇!",1,9
34801,因为我每周一次练习太极拳，所以我希望参加8月8号的在北京体育馆周围的太极拳。,1,9
34810,今天本来11点半开始会议，但是社长突然改变了主意，变了从12点开始，但是结果12点半开始会议了。,2,9
34816,我一个月开始照了午餐的照片。,1,9
